{"cameraMode":{"drawMode":0,"name":"Shaded","section":"Shading Mode"},"sceneLighting":false,"audioPlay":false,"sceneViewState":{"m_AlwaysRefresh":false,"showFog":true,"showSkybox":false,"showFlares":true,"showImageEffects":true,"showParticleSystems":true,"showVisualEffectGraphs":true,"m_FxEnabled":true},"in2DMode":false,"pivot":{"x":-0.0772688239812851,"y":0.2559981346130371,"z":8.040058135986329},"rotation":{"x":-0.11552140861749649,"y":-0.02324427291750908,"z":0.0027026606258004905,"w":-0.9930356740951538},"size":2.2765800952911379,"orthographic":false}