{"cameraMode":{"drawMode":0,"name":"Shaded","section":"Shading Mode"},"sceneLighting":false,"audioPlay":false,"sceneViewState":{"m_AlwaysRefresh":false,"showFog":true,"showSkybox":false,"showFlares":true,"showImageEffects":true,"showParticleSystems":true,"showVisualEffectGraphs":true,"m_FxEnabled":true},"in2DMode":false,"pivot":{"x":0.41124725341796877,"y":0.06353139877319336,"z":1.8160104751586915},"rotation":{"x":-0.005695308092981577,"y":-0.008998952805995942,"z":0.00016195932403206825,"w":-0.9999414682388306},"size":24.859050750732423,"orthographic":false}