{"cameraMode":{"drawMode":0,"name":"Shaded","section":"Shading Mode"},"sceneLighting":false,"audioPlay":false,"sceneViewState":{"m_AlwaysRefresh":false,"showFog":true,"showSkybox":false,"showFlares":true,"showImageEffects":true,"showParticleSystems":true,"showVisualEffectGraphs":true,"m_FxEnabled":true},"in2DMode":false,"pivot":{"x":0.1553173065185547,"y":0.5466551780700684,"z":5.84708833694458},"rotation":{"x":0.10735812038183212,"y":0.13590359687805177,"z":-0.014782930724322796,"w":0.9848378896713257},"size":6.434649467468262,"orthographic":false}