{"cameraMode":{"drawMode":0,"name":"Shaded","section":"Shading Mode"},"sceneLighting":false,"audioPlay":false,"sceneViewState":{"m_AlwaysRefresh":false,"showFog":true,"showSkybox":false,"showFlares":true,"showImageEffects":true,"showParticleSystems":true,"showVisualEffectGraphs":true,"m_FxEnabled":true},"in2DMode":false,"pivot":{"x":1.1504952907562256,"y":-14.487276077270508,"z":31.589162826538087},"rotation":{"x":0.1672033816576004,"y":0.15375162661075593,"z":-0.026354847475886346,"w":0.9735556840896606},"size":21.876190185546876,"orthographic":false}